{"elements":[{"pins":[{"x":1388.471244028545,"y":1242.6534036371427,"is_dynamic":false,"cluster_id":-1,"ivc":{"measure_settings":{"desc_frequency":10000.0,"probe_signal_frequency":100.0,"n_points":100,"n_charge_points":0,"max_voltage":12.0,"max_current":0.0,"flags":2,"reserved":[0,0,0,0,0,0,0,0]},"voltage":[0.16842849414658656,0.112642037196599,-0.05351756583438151,-0.09124812825887843,-0.19145273011677144,-0.16847449360174335,-0.15429297394284658,-0.03800234474345858,-0.0023255199250374198,0.01906644682950317,0.21449988183621077,0.2999332911146836,0.25008982549291914,0.197049218084,0.20141419690623596,0.07062017174720463,-0.014701507034857203,0.09942181518189416,0.22662399689451657,0.243341012591692,0.18790445499179662,0.2971705331646769,0.18813662074534307,0.048973467267785765,0.1891349267595212,0.26506104514365736,0.3587950957511704,0.4078073093195267,0.3837450088398685,0.30604086782346474,0.28167932199624934,0.240266814984112,0.17038435405618377,0.13516391167507227,0.08797114345604971,0.0730580337665371,0.10645542438697608,0.1606059561473312,0.17924258783116048,0.24645763816222574,0.29980436526576915,0.23329749695702712,0.18482614901586003,0.2282358772703797,0.2530745959044923,0.19298021690433284,0.13436451536215885,0.2645707645669888,0.2784249775561689,0.17901067982269916,0.16248928637410445,0.16593986509901348,0.08637406244798529,-0.08099990960262818,-0.15035222733191356,-0.10987490485792557,-0.11469566431541817,-0.1049931813524339,0.03781513442860362,0.09350254048978729,0.17870756379912422,0.20970977528290957,0.05069065439961973,-0.07488606854046467,-0.006622075459970511,-0.0847335044787096,-0.16266785989883129,-0.22030768951788848,-0.21280068463539123,-0.2789135098947948,-0.2903153532618753,-0.21529670521720387,0.037357882594696135,0.15696963475244197,0.06722607720046243,0.016652193545544113,-0.06142347882343392,-0.17453127657879142,-0.24097947221086902,-0.32612295164343663,-0.3355586265208318,-0.2774735370130667,-0.3471880846296277,-0.4436003748459264,-0.4072805753940958,-0.38765170712372465,-0.49411983655187663,-0.43890283827764304,-0.3564134807320766,-0.14138390337837226,-0.031337915215958315,-0.027157230353015177,-0.06221984010970087,-0.09865703406505213,-0.29876917141117343,-0.29877868975053473,-0.23158622144296367,-0.055442738218608775,0.13482669292214006,0.3198168533902084],"current":[0.00012468621266354332,0.0002809823883557704,0.0004576933331348025,0.0006105100057905202,0.0007799713298331148,0.0009038309464656463,0.0010406180745063092,0.0011608170836663375,0.0012732469577424292,0.0014035660311407343,0.0015231393695189018,0.0016617753189024738,0.0017632844629788375,0.0019007669483144403,0.001998019714695439,0.0020925723276713935,0.0021718901809556646,0.002265361381492683,0.0023233650296245,0.002369677131795324,0.0024247154858728854,0.0024401144718371784,0.0024311493338981505,0.002412049674002578,0.0024273322291661703,0.002434836609999194,0.002443387528872112,0.0024414676454440915,0.002445725368726431,0.002410318404064202,0.0023320068415419223,0.002272596987259933,0.002189941397483829,0.0020845754402198688,0.0019934988631851985,0.0018977392554364952,0.0017879229990867972,0.0016914632350496061,0.0015776119745676339,0.0014431656393771096,0.0013080779923064,0.001174892065163446,0.001031593507852936,0.0008892945013107083,0.0007413799014297654,0.0005938321746472847,0.0004225069434342457,0.00027404555000091216,0.0001259707882468776,-5.589175859569128e-05,-0.00022280920937896214,-0.0003554958488568928,-0.0005060136086948134,-0.0006638980906323471,-0.0007607979279368095,-0.0008804234587519933,-0.0010274242551715383,-0.0011664005563350353,-0.0012986904264154755,-0.0014350148017811546,-0.0015758907939325776,-0.0016990941213383447,-0.0018136513760010889,-0.0019010170225672732,-0.0020102083179790696,-0.0020810806442846767,-0.0021497351161749224,-0.0022374832455900858,-0.002286502522133714,-0.002334778461230147,-0.0023771804925036798,-0.002428308140608916,-0.0024294872476644976,-0.002456427446087174,-0.0024724231300722738,-0.0024534871406949347,-0.0024045922711109784,-0.002419454580940603,-0.0024066422875340674,-0.0023547765276052384,-0.0023244980932845723,-0.002269854561053491,-0.0021724720616944798,-0.002076238790448208,-0.00198426943768769,-0.0018979789105824753,-0.0017791054802575481,-0.0016712880310357809,-0.0015587916998435545,-0.0014268716981611035,-0.0012705456432796948,-0.0011502195121477381,-0.0010056743820391425,-0.0008611909714167484,-0.0007314654963160936,-0.0005780926222683906,-0.0004594074444918514,-0.0003114416338449494,-0.00016026722430571635,-2.69814801600773e-05]},"reference_ivc":null,"score":0.00024226190377840684},{"x":1553.4871629865768,"y":1240.3929115966216,"is_dynamic":false,"cluster_id":-1,"ivc":{"measure_settings":{"desc_frequency":10000.0,"probe_signal_frequency":100.0,"n_points":100,"n_charge_points":0,"max_voltage":12.0,"max_current":0.0,"flags":2,"reserved":[0,0,0,0,0,0,0,0]},"voltage":[-0.04613949582897235,0.1646500974810441,0.14417837899774807,0.06567401742451204,0.10943818342325412,0.1213229280047559,-0.02016405670204017,-0.030857842721525877,0.04528177582313978,0.1118950236658149,0.048508106180421985,0.23820707488460385,0.3489802597108801,0.46784476281628135,0.40847574478990933,0.459615249326623,0.33622269628055085,0.17683976145887376,0.10031533685428999,0.08506894400960537,0.08939408320310485,0.16791032995095054,0.2578899732032189,0.17622021622841216,0.26410016803603603,0.16416267546033805,0.1911611473946877,0.2099734515882718,0.1574109263770081,0.19852192552009607,0.24024974104632799,0.17590723144721515,0.25054713848096266,0.36605562209837056,0.24179932765287526,0.2946954698519913,0.3318418227925622,0.2659360080419595,0.26020180745243104,0.22496560134660396,0.08226807204075934,-0.0851461668546258,-0.25633585591504277,-0.35480818345128023,-0.32407370546422065,-0.19775439589015995,0.004219609127294632,0.16021865667531535,0.13123517186929623,0.1639344796654657,0.13124184632213146,0.022952133002179353,0.02787363132092695,0.09055739751075957,0.045018161153848046,0.01960656034803253,0.032915463267229085,-0.13432511682472362,-0.16625413915115989,-0.18351146135946841,-0.2567590922073808,-0.3309208966903645,-0.17743910956039644,-0.22219136366206996,-0.25033258798436686,-0.14221114861193426,-0.1497648432263103,-0.14250842627622226,-0.20143231725817987,-0.2825398380600638,-0.3809348955050838,-0.29648967379509067,-0.4575056975499504,-0.43162771818154777,-0.4072766021394911,-0.3712699909945652,-0.5771433100282172,-0.5129699533640061,-0.37625444185869206,-0.3192683421422593,-0.3262893274381815,-0.13551032353025275,-0.05757465352278189,-0.15562521198866786,-0.2212132343367582,-0.20427620028602247,-0.3513475638943344,-0.41656081811729145,-0.41208184610540416,-0.353901458869657,-0.37047043494380305,-0.2106323174477702,-0.07345208595171687,-0.12253153850870924,-0.07394387047637557,0.04751445819790246,-0.10639424518302601,-0.18043349139821396,-0.015516066012504472,-0.03468225015456255],